 атегори¤;назва;на¤вн≥сть;код;опт;роздр≥б
Дипы;            Feeder Competition Sweet Feeder Dip, 80ml, caramel (карамель);35,000;CZ0737;1,78 EUR;79,744
Дипы;            Feeder Competition Sweet Feeder Dip, 80ml, sweet cinnamon & plum;47,000;CZ0720;1,78 EUR;79,744
Дипы;            Feeder Competition Sweet Feeder Dip, 80ml, sweet clove;25,000;CZ0751;1,78 EUR;79,744
Дипы;            Feeder Competition Sweet Feeder Dip, 80ml, sweet fish (сладка¤ рыба);32,000;CZ0768;1,78 EUR;79,744
Дипы;            Feeder Competition Sweet Feeder Dip, 80ml, sweet honey (сладкий мед);16,000;CZ0690;1,78 EUR;79,744
Дипы;            Feeder Competition Sweet Feeder Dip, 80ml, sweet punch;24,000;CZ0713;1,78 EUR;79,744
Дипы;            Feeder Competition Sweet Feeder Dip, 80ml, sweet spicy (сладкие специи);33,000;CZ0744;1,78 EUR;79,744
Дипы;            Feeder Competition Sweet Feeder Dip, 80ml, sweet strawberry (сладка¤ клубника);9,000;CZ0683;1,78 EUR;79,744
Дипы;            Feeder Competition Sweet Feeder Dip, 80ml, sweet vanilla (сладка¤ ваниль);13,000;CZ0706;1,78 EUR;79,744
Дипы;            Amino Dip, banana 100 ml (145g) (банан);24,000;CZ4528;1,59 EUR;71,232
Дипы;            Amino Dip, blood - liver 100 ml (145g)  (печень);32,000;CZ5213;1,59 EUR;71,232
Дипы;            Amino Dip, fish - halibut 100 ml (145g) (рыба-палтус);33,000;CZ5183;1,59 EUR;71,232
Дипы;            Amino Dip, honey 100 ml (145g) (мед);32,000;CZ5169;1,59 EUR;71,232
Дипы;            Amino Dip, mango 100 ml (145g) (манго);48,000;CZ4542;1,59 EUR;71,232
Дипы;            Amino Dip, monster crab 100 ml (145g) (гигантский краб);30,000;CZ5176;1,59 EUR;71,232
Дипы;            Amino Dip, pineapple 100 ml (145g) (ананас);32,000;CZ4511;1,59 EUR;71,232
Дипы;            Amino Dip, plum 100 ml (145g) (слива);22,000;CZ4535;1,59 EUR;71,232
Дипы;            Amino Dip, spice mix 100 ml (145g) (смесь специй);24,000;CZ4559;1,59 EUR;71,232
Дипы;            Amino Dip, strawberry 100 ml (145g) (клубника);14,000;CZ5152;1,59 EUR;71,232
Дипы;            Amino Dip, vanilla 100 ml (145g) (ваниль);28,000;CZ4504;1,59 EUR;71,232
Дипы;            CZ Plasma Dip, 130ml, fish&meat (м¤со-рыба);8,000;CZ8976;2,32 EUR;103,936
Дипы;            CZ Plasma Dip, 130ml, GLM-liver (зеленогуба¤ ракушка,печень);24,000;CZ8983;2,32 EUR;103,936
Дипы;            CZ Plasma Dip, 130ml, pineapple (ананас);27,000;CZ8945;2,32 EUR;103,936
Дипы;            CZ Plasma Dip, 130ml, scopex-honey (скопекс-мед);22,000;CZ8952;2,32 EUR;103,936
Дипы;            CZ Plasma Dip, 130ml, squid-octopus (кальмар-осьминог);35,000;CZ8969;2,32 EUR;103,936
Дипы;            CZ Plasma Dip, 130ml, strawberry (клубника);24,000;CZ8938;2,32 EUR;103,936
Дипы;            CZ Plasma Dip, 130ml, vanilla (ваниль);26,000;CZ4566;2,32 EUR;103,936
Дипы;            Powder Dip, Banana e85 g  (банан);123,000;CZ7781;2,39 EUR;107,072
Дипы;            Powder Dip, Dead e85 g   (дохлый);222,000;CZ7736;1,39 EUR;62,272
Дипы;            Powder Dip, Hot Spice e85 g    (острые  специи);;CZ7811;2,39 EUR;107,072
Дипы;            Powder Dip, Monster Crab e85 g (гигантский краб);91,000;CZ7743;2,39 EUR;107,072
Дипы;            Powder Dip, Strawberry-Fish e85 g (клубника-рыба);;CZ7729;2,39 EUR;107,072
Дипы;            Turbo Powder Dip, 80g, fish-meat (р≥ба-м'¤со);19,000;CZ1055;2,39 EUR;107,072
Дипы;            Turbo Powder Dip, 80g, garlic (чеснок);21,000;CZ1024;2,39 EUR;107,072
Дипы;            Turbo Powder Dip, 80g, hell spice (специи с ада);43,000;CZ1031;2,39 EUR;107,072
Дипы;            Turbo Powder Dip, 80g, honey-tigernuts  (мед-тигровый орех);30,000;CZ1017;2,39 EUR;107,072
Дипы;            Turbo Powder Dip, 80g, liver (печень);48,000;CZ1048;2,39 EUR;107,072
Дипы;            Turbo Powder Dip, 80g, pineapple (ананас);12,000;CZ1000;2,39 EUR;107,072
Дипы;            Turbo Powder Dip, 80g, strawberry-fish (клубника-рыба);27,000;CZ0980;2,39 EUR;107,072
Дипы;            Turbo Powder Dip, 80g, sweet corn  (сладка¤ кукуруза);22,000;CZ0997;2,39 EUR;107,072
Дипы;            Amur Amino Dip 100ml  (амино-дип дл¤ амуров);47,000;CZ0192;2,00 EUR;89,6
Дипы;            Amur Plasma Dip, 130ml (дип-желле дл¤ амуров);37,000;CZ4375;2,32 EUR;103,936
Дипы;            Amur Powder Dip e100g (дип на основе порошка дл¤ амуров);21,000;CZ0215;3,19 EUR;142,912
