KLIPSCH;;Цвет
;PALLADIUM;
фронты;Klipsch P-39F RH;Natural
;;Merlot
;;Espresso
фронты;Klipsch P-39F LH;Natural
;;Merlot
;;Espresso
фронты;Klipsch P-37-F;Natural
;;Merlot
;;Espresso
полочники;Klipsch P-17-B;Natural
;;Merlot
;;Espresso
центр;Klipsch P-27-C;Natural
;;Merlot
;;Espresso
тыл;Klipsch P-27-S;Natural
;;Merlot
;;Espresso
саб;Klipsch  P-312W;Natural
;;Merlot
;;Espresso
фронты;Klipsch Klipschorn AK5;Black
;;Walnut
;;Cherry
фронты;Klipsch La Scala II;Black
;;Walnut
;;Cherry
фронты;Klipsch Cornwall III;Black
;;Walnut
;;Cherry
фронты;Klipsch  Heresy III;Black
;;Walnut
;;Cherry
;Klipsch KL-650-THX-R;Black
мониторный громкоговоритель;Klipsch KL-650-THX-L;Black
мониторный громкоговоритель;Klipsch KL-525-THX;Black
мониторный громкоговоритель;Klipsch KS-525-THX;Black
саб;Klipsch KW-120-THX;Black
встроенная;Klipsch KL 7800 THX;White
встроенная;Klipsch KS-7502-THX;White
встроенная;Klipsch KL-7502-THX;White
встроенная;Klipsch KL-6504-THX;White
встроенная;Klipsch KL-6502-THX;White
усилитель для сабвуфера ;Klipsch KA-1000-THX CE;Black
;;
фронты;Klipsch R-28F;Black
фронты;Klipsch R-26F;Black
фронты;Klipsch R-24F;Black
полочники;Klipsch R-15M;Black
центр;Klipsch R-25C;Black
тыл;Klipsch R-14S;Black
полочники;Klipsch R-14M;Black
;;
фронты;Klipsch RP-280F;Ebony
;;Cherry
фронты;Klipsch  RP-260F;Ebony
;;Cherry
фронты;Klipsch RP-250F;Ebony
;;Cherry
полочники;Klipsch RP-160M;Ebony
;;Cherry
полочники;Klipsch RP-150M;Ebony
;;Cherry
центр;Klipsch RP-450C;Ebony
;;Cherry
центр;Klipsch RP-440C;Ebony
;;Cherry
центр;Klipsch RP-250C;Ebony
;;Cherry
тыл;Klipsch RP-250S;Black
тыл;Klipsch RP-240S;Black
DOLBY ATMOS;;
фронты;Klipsch RP-280FA;Walnut Veneer
;;Black Veneer
навесная;Klipsch RP­140SA;Black
центр;Klipsch RP-450CA;Walnut Veneer
;;Black Veneer
HD WIRELESS (WiSA);;
;Klipsch RP­440WF CE;Black
фронты;Klipsch RP-440WC CE;Black
полочники;Klipsch RP-140WM CE;Black
сабвуфер;Klipsch RP-110WSW CE;Black
;Klipsch RP-HUB1 CE (Contr. Center);Black
;;
саундбар;Klipsch G-42;Black
саундбар;Klipsch G-28;Black
саундбар;Klipsch G-16;Black
саундбар;Klipsch G-12;Black
;;
;Klipsch GIG BEL;Blue
;;Red
;;Orange
;;Purple
;;Yellow
;;Pink
;Klipsch GIG Intl;Black
;;White
портативная акустика стерео;Klipsch KMC 1;Black
;;White
;;Red
;;Blue
;;Purple
;;Orange
;;Magenta
;;Yellow
портативная акустика 2.1;Klipsch KMC 3;Black
;;White
;;Red
;;Blue
;;Purple
портативная акустика стерео; Klipsch Stadium (230V); Brushed Aluminum
;;
; Klipsch Quintet 5;Black
;;
саб;Klipsch R-10SW;Black
саб;Klipsch R-12SW;Black
саб;Klipsch RP-110SW;Black
саб;Klipsch RP-112SW;Black
саб;Klipsch RP-115SW;Black
саб;Klipsch SW-110;Black
саб;Klipsch SW-112;Black
саб;Klipsch SW-115;Black
саб;Klipsch SW-310;Black
саб;Klipsch SW-350;Black
саб;Klipsch SW-450;Black
;;
беспроводня система для подключки саб;Klipsch WA-2;Black
;;
саундбар;Klipsch R-10B;Black
саундбар; Klipsch HD Theater SB 3;Black
саундбар; Klipsch SB 20;Black
;;
встроенная;Klipsch CDT-2650-C II;White
встроенная;Klipsch CDT-2800-C II;White
встроенная;Klipsch CDT-3650-C II;White
встроенная;Klipsch CDT-3800-C II;White
встроенная;Klipsch CDT-5650-C II;White
встроенная;Klipsch CDT-5800-C II;White
встроенная;Klipsch R-2502-W II;White
встроенная;Klipsch R-2650-W II;White
встроенная;Klipsch R-3650-W II;White
встроенная;Klipsch R-3800-W II;White
встроенная;Klipsch R-5502-W II;White
встроенная;Klipsch R-5650-W II;White
встроенная;Klipsch R-5650-S II;White
встроенная;Klipsch R-5800-W II;White
встроенная;Klipsch R-2650-C II;White
встроенная;Klipsch R-1800-C;White
встроенная;Klipsch R-1650-C;White
встроенная;Klipsch R-1650-W;White
встроенная;Klipsch R-2650-CSM II;White
встроенная;Klipsch R-2800-CSM II;White
встроенная;Klipsch RW-5802 IW SUB;White
кріплення;Klipsch IK-650-W;
кріплення;Klipsch IK-800-W;
кріплення;Klipsch IK-650-C;
;;
сателлит ;Klipsch AW-500-SM;White
сателлит ;Klipsch AW-525;Black
;;White
сателлит ;Klipsch AW-650;Black
;;White
двухполосная ландшафтная АС;Klipsch AWR-650-SM;Granite
;;Sandstone
двухполосная подвесная АС;Klipsch CP-4;Black
;;White
двухполосная подвесная АС;Klipsch CP-4t;Black
;;White
двухполосная подвесная АС;Klipsch CP-6;Black
;;White
